Liczba wypadków,Liczba zabitych,Liczba rannych,Rok,Warunki atmosferyczne,Rodzaj zdarzenia,Warunki atmosferyczne,Oświetlenie,Charakterystyka miejsca zdarzenia,IDKSIP zdarzenia,Godzina,Dzień,Ranny,GPS x,GPS y,Numer drogi,Obszar,Geometria drogi,Kategoria drogi 1,Rodzaj drogi,Czy w zdarzeniu był sprawca nietrzeźwy,Powiat,Gmina
1,0,1,2015,Dobre warunki atmosferyczne,Inne,Dobre warunki atmosferyczne,Noc - droga oświetlona,"Chodnik, droga dla pieszych",EWK-98743619M,19,2015-01-27,Lekko,22*18'357,52*09'448,W628,Obszar zabudowany,Odcinek prosty,Droga wojewódzka,Jednokierunkowa,N,POWIAT SIEDLCE,SIEDLCE - OBSZAR MIEJSKI
1,0,0,2015,Dobre warunki atmosferyczne,Inne,Dobre warunki atmosferyczne,Noc - droga oświetlona,"Chodnik, droga dla pieszych",EWK-98743619M,19,2015-01-27,Nieokreślone (puste pole),22*18'357,52*09'448,W628,Obszar zabudowany,Odcinek prosty,Droga wojewódzka,Jednokierunkowa,N,POWIAT SIEDLCE,SIEDLCE - OBSZAR MIEJSKI
1,0,1,2015,Dobre warunki atmosferyczne,Inne,Dobre warunki atmosferyczne,Noc - droga oświetlona,Jezdnia,EWK-98779531X,19,2015-02-28,Ciężko,21*30'470,52*29'374,P1811W,Obszar zabudowany,Odcinek prosty,Droga powiatowa,Jednojezdniowa dwukierunkowa,N,POWIAT WYSZKOWSKI,ZABRODZIE - OBSZAR WIEJSKI
1,0,0,2015,Dobre warunki atmosferyczne,Inne,Dobre warunki atmosferyczne,Noc - droga oświetlona,Jezdnia,EWK-98779531X,19,2015-02-28,Nieokreślone (puste pole),21*30'470,52*29'374,P1811W,Obszar zabudowany,Odcinek prosty,Droga powiatowa,Jednojezdniowa dwukierunkowa,N,POWIAT WYSZKOWSKI,ZABRODZIE - OBSZAR WIEJSKI
1,0,1,2015,Dobre warunki atmosferyczne,Inne,Dobre warunki atmosferyczne,Noc - droga oświetlona,Jezdnia,EWK-99349753Q,13,2015-11-24,Lekko,21*19'206,51*14'407,P3544W,Obszar zabudowany,Odcinek prosty,Droga powiatowa,Jednojezdniowa dwukierunkowa,N,POWIAT RADOMSKI,SKARYSZEW - OBSZAR WIEJSKI
1,0,0,2015,Dobre warunki atmosferyczne,Inne,Dobre warunki atmosferyczne,Noc - droga oświetlona,Jezdnia,EWK-99349753Q,13,2015-11-24,Nieokreślone (puste pole),21*19'206,51*14'407,P3544W,Obszar zabudowany,Odcinek prosty,Droga powiatowa,Jednojezdniowa dwukierunkowa,N,POWIAT RADOMSKI,SKARYSZEW - OBSZAR WIEJSKI
1,0,1,2015,Dobre warunki atmosferyczne,Inne,Dobre warunki atmosferyczne,Światło dzienne,Jezdnia,EWK-98881987N,17,2015-05-07,Lekko,21*32'191,53*04'223,61,Obszar zabudowany,Odcinek prosty,Droga krajowa,Jednojezdniowa dwukierunkowa,N,POWIAT OSTROŁĘKA,OSTROŁĘKA - OBSZAR MIEJSKI
1,0,0,2015,Dobre warunki atmosferyczne,Inne,Dobre warunki atmosferyczne,Światło dzienne,Jezdnia,EWK-98881987N,17,2015-05-07,Nieokreślone (puste pole),21*32'191,53*04'223,61,Obszar zabudowany,Odcinek prosty,Droga krajowa,Jednojezdniowa dwukierunkowa,N,POWIAT OSTROŁĘKA,OSTROŁĘKA - OBSZAR MIEJSKI
1,0,1,2015,Dobre warunki atmosferyczne,Inne,Dobre warunki atmosferyczne,Światło dzienne,Pobocze,EWK-98850789H,11,2015-04-23,Lekko,21*28'577,51*18'569,P4516W,Obszar zabudowany,"Zakręt, łuk",Droga powiatowa,Jednojezdniowa dwukierunkowa,N,POWIAT ZWOLEŃSKI,TCZÓW - OBSZAR WIEJSKI
1,0,0,2015,Dobre warunki atmosferyczne,Inne,Dobre warunki atmosferyczne,Światło dzienne,Pobocze,EWK-98850789H,11,2015-04-23,Nieokreślone (puste pole),21*28'577,51*18'569,P4516W,Obszar zabudowany,"Zakręt, łuk",Droga powiatowa,Jednojezdniowa dwukierunkowa,N,POWIAT ZWOLEŃSKI,TCZÓW - OBSZAR WIEJSKI
1,0,1,2015,Dobre warunki atmosferyczne,Najechanie na pieszego,Dobre warunki atmosferyczne,Noc - droga nieoświetlona,Jezdnia,EWK-103506940G,17,2015-12-10,Lekko,21*03'425,51*21'500,7,Obszar niezabudowany,Odcinek prosty,Droga krajowa,Jednojezdniowa dwukierunkowa,N,POWIAT RADOM,RADOM - OBSZAR MIEJSKI
1,0,0,2015,Dobre warunki atmosferyczne,Najechanie na pieszego,Dobre warunki atmosferyczne,Noc - droga nieoświetlona,Jezdnia,EWK-103506940G,17,2015-12-10,Nieokreślone (puste pole),21*03'425,51*21'500,7,Obszar niezabudowany,Odcinek prosty,Droga krajowa,Jednojezdniowa dwukierunkowa,N,POWIAT RADOM,RADOM - OBSZAR MIEJSKI
1,1,0,2015,Dobre warunki atmosferyczne,Najechanie na pieszego,Dobre warunki atmosferyczne,Noc - droga nieoświetlona,Jezdnia,EWK-103563074C,16,2015-12-14,Nieokreślone (puste pole),21*42'075,51*11'326,754,Obszar zabudowany,Odcinek prosty,Droga wojewódzka,Jednojezdniowa dwukierunkowa,N,POWIAT LIPSKI,LIPSKO - OBSZAR WIEJSKI
1,0,1,2015,Dobre warunki atmosferyczne,Najechanie na pieszego,Dobre warunki atmosferyczne,Noc - droga nieoświetlona,Jezdnia,EWK-103621144C,16,2015-12-23,Lekko,20*43'553,51*17'502,727,Obszar niezabudowany,Odcinek prosty,Droga wojewódzka,Jednojezdniowa dwukierunkowa,N,POWIAT PRZYSUSKI,BORKOWICE - OBSZAR WIEJSKI
1,0,0,2015,Dobre warunki atmosferyczne,Najechanie na pieszego,Dobre warunki atmosferyczne,Noc - droga nieoświetlona,Jezdnia,EWK-103621144C,16,2015-12-23,Nieokreślone (puste pole),20*43'553,51*17'502,727,Obszar niezabudowany,Odcinek prosty,Droga wojewódzka,Jednojezdniowa dwukierunkowa,N,POWIAT PRZYSUSKI,BORKOWICE - OBSZAR WIEJSKI
1,1,0,2015,Dobre warunki atmosferyczne,Najechanie na pieszego,Dobre warunki atmosferyczne,Noc - droga nieoświetlona,Jezdnia,EWK-103668666J,18,2015-12-26,Nieokreślone (puste pole),21*45'029,51*06'118,,Obszar zabudowany,"Zakręt, łuk",Nieokreślone (puste pole),Jednojezdniowa dwukierunkowa,N,POWIAT LIPSKI,SOLEC NAD WISŁĄ - OBSZAR WIEJSKI
1,2,0,2015,Dobre warunki atmosferyczne,Najechanie na pieszego,Dobre warunki atmosferyczne,Noc - droga nieoświetlona,Jezdnia,EWK-103670176P,21,2015-12-25,Nieokreślone (puste pole),21*10'337,53*06'406,3227W,Obszar niezabudowany,Odcinek prosty,Droga powiatowa,Jednojezdniowa dwukierunkowa,N,POWIAT MAKOWSKI,KRASNOSIELC - OBSZAR WIEJSKI
1,1,0,2015,Dobre warunki atmosferyczne,Najechanie na pieszego,Dobre warunki atmosferyczne,Noc - droga nieoświetlona,Jezdnia,EWK-103672532Y,17,2015-12-29,Nieokreślone (puste pole),20*02'347,52*24'015,P2963W,Obszar niezabudowany,Odcinek prosty,Droga powiatowa,Jednojezdniowa dwukierunkowa,N,POWIAT PŁOCKI,MAŁA WIEŚ - OBSZAR WIEJSKI
1,1,0,2015,Dobre warunki atmosferyczne,Najechanie na pieszego,Dobre warunki atmosferyczne,Noc - droga nieoświetlona,Jezdnia,EWK-98716245U,5,2015-01-07,Nieokreślone (puste pole),20*30'349,52*00'494,P4713W,Obszar niezabudowany,Odcinek prosty,Droga powiatowa,Jednojezdniowa dwukierunkowa,N,POWIAT ŻYRARDOWSKI,RADZIEJOWICE - OBSZAR WIEJSKI
1,0,1,2015,Dobre warunki atmosferyczne,Najechanie na pieszego,Dobre warunki atmosferyczne,Noc - droga nieoświetlona,Jezdnia,EWK-98744648A,18,2015-01-30,Lekko,20*15'425,52*13'379,GMINNA,Obszar zabudowany,Odcinek prosty,Droga gminna,Jednojezdniowa dwukierunkowa,N,POWIAT SOCHACZEWSKI,SOCHACZEW - OBSZAR MIEJSKI
1,0,0,2015,Dobre warunki atmosferyczne,Najechanie na pieszego,Dobre warunki atmosferyczne,Noc - droga nieoświetlona,Jezdnia,EWK-98744648A,18,2015-01-30,Nieokreślone (puste pole),20*15'425,52*13'379,GMINNA,Obszar zabudowany,Odcinek prosty,Droga gminna,Jednojezdniowa dwukierunkowa,N,POWIAT SOCHACZEWSKI,SOCHACZEW - OBSZAR MIEJSKI
1,1,0,2015,Dobre warunki atmosferyczne,Najechanie na pieszego,Dobre warunki atmosferyczne,Noc - droga nieoświetlona,Jezdnia,EWK-98746654P,17,2015-02-01,Nieokreślone (puste pole),21*51'148,52*48'147,60,Obszar zabudowany,Odcinek prosty,Droga krajowa,Jednojezdniowa dwukierunkowa,N,POWIAT OSTROWSKI,OSTRÓW MAZOWIECKA - OBSZAR MIEJSKI
1,0,1,2015,Dobre warunki atmosferyczne,Najechanie na pieszego,Dobre warunki atmosferyczne,Noc - droga nieoświetlona,Jezdnia,EWK-98747553M,5,2015-01-30,Lekko,21*26'101,52*31'440,G440604W,Obszar niezabudowany,Odcinek prosty,Droga gminna,Jednojezdniowa dwukierunkowa,T,POWIAT WYSZKOWSKI,ZABRODZIE - OBSZAR WIEJSKI
1,0,0,2015,Dobre warunki atmosferyczne,Najechanie na pieszego,Dobre warunki atmosferyczne,Noc - droga nieoświetlona,Jezdnia,EWK-98747553M,5,2015-01-30,Nieokreślone (puste pole),21*26'101,52*31'440,G440604W,Obszar niezabudowany,Odcinek prosty,Droga gminna,Jednojezdniowa dwukierunkowa,T,POWIAT WYSZKOWSKI,ZABRODZIE - OBSZAR WIEJSKI
1,0,1,2015,Dobre warunki atmosferyczne,Najechanie na pieszego,Dobre warunki atmosferyczne,Noc - droga nieoświetlona,Jezdnia,EWK-98749537R,18,2015-02-03,Lekko,22*12'258,52*18'232,36342W,Obszar niezabudowany,Odcinek prosty,Droga powiatowa,Jednojezdniowa dwukierunkowa,N,POWIAT SOKOŁOWSKI,BIELANY - OBSZAR WIEJSKI
1,0,0,2015,Dobre warunki atmosferyczne,Najechanie na pieszego,Dobre warunki atmosferyczne,Noc - droga nieoświetlona,Jezdnia,EWK-98749537R,18,2015-02-03,Nieokreślone (puste pole),22*12'258,52*18'232,36342W,Obszar niezabudowany,Odcinek prosty,Droga powiatowa,Jednojezdniowa dwukierunkowa,N,POWIAT SOKOŁOWSKI,BIELANY - OBSZAR WIEJSKI
1,1,0,2015,Dobre warunki atmosferyczne,Najechanie na pieszego,Dobre warunki atmosferyczne,Noc - droga nieoświetlona,Jezdnia,EWK-98766772U,19,2015-02-18,Nieokreślone (puste pole),20*47'039,52*58'078,617,Obszar niezabudowany,Odcinek prosty,Droga wojewódzka,Jednojezdniowa dwukierunkowa,N,POWIAT CIECHANOWSKI,OPINOGÓRA GÓRNA - OBSZAR WIEJSKI
1,0,1,2015,Dobre warunki atmosferyczne,Najechanie na pieszego,Dobre warunki atmosferyczne,Noc - droga nieoświetlona,Jezdnia,EWK-98768292U,18,2015-02-17,Lekko,20*44'588,51*29'132,G330516W,Obszar zabudowany,Odcinek prosty,Droga gminna,Jednojezdniowa dwukierunkowa,T,POWIAT PRZYSUSKI,POTWORÓW - OBSZAR WIEJSKI
1,0,0,2015,Dobre warunki atmosferyczne,Najechanie na pieszego,Dobre warunki atmosferyczne,Noc - droga nieoświetlona,Jezdnia,EWK-98768292U,18,2015-02-17,Nieokreślone (puste pole),20*44'588,51*29'132,G330516W,Obszar zabudowany,Odcinek prosty,Droga gminna,Jednojezdniowa dwukierunkowa,T,POWIAT PRZYSUSKI,POTWORÓW - OBSZAR WIEJSKI
1,0,1,2015,Dobre warunki atmosferyczne,Najechanie na pieszego,Dobre warunki atmosferyczne,Noc - droga nieoświetlona,Jezdnia,EWK-98770566D,18,2015-02-22,Ciężko,20*17'360,52*13'276,92,Obszar niezabudowany,Odcinek prosty,Droga krajowa,Jednojezdniowa dwukierunkowa,N,POWIAT SOCHACZEWSKI,SOCHACZEW - OBSZAR WIEJSKI
1,0,0,2015,Dobre warunki atmosferyczne,Najechanie na pieszego,Dobre warunki atmosferyczne,Noc - droga nieoświetlona,Jezdnia,EWK-98770566D,18,2015-02-22,Nieokreślone (puste pole),20*17'360,52*13'276,92,Obszar niezabudowany,Odcinek prosty,Droga krajowa,Jednojezdniowa dwukierunkowa,N,POWIAT SOCHACZEWSKI,SOCHACZEW - OBSZAR WIEJSKI
1,0,1,2015,Dobre warunki atmosferyczne,Najechanie na pieszego,Dobre warunki atmosferyczne,Noc - droga nieoświetlona,Jezdnia,EWK-98789335F,18,2015-03-07,Lekko,19*52'395,52*49'287,561,Obszar niezabudowany,"Zakręt, łuk",Droga wojewódzka,Jednojezdniowa dwukierunkowa,N,POWIAT SIERPECKI,ZAWIDZ - OBSZAR WIEJSKI
1,0,0,2015,Dobre warunki atmosferyczne,Najechanie na pieszego,Dobre warunki atmosferyczne,Noc - droga nieoświetlona,Jezdnia,EWK-98789335F,18,2015-03-07,Nieokreślone (puste pole),19*52'395,52*49'287,561,Obszar niezabudowany,"Zakręt, łuk",Droga wojewódzka,Jednojezdniowa dwukierunkowa,N,POWIAT SIERPECKI,ZAWIDZ - OBSZAR WIEJSKI
1,1,0,2015,Dobre warunki atmosferyczne,Najechanie na pieszego,Dobre warunki atmosferyczne,Noc - droga nieoświetlona,Jezdnia,EWK-98804274A,18,2015-03-20,Nieokreślone (puste pole),20*44'352,51*54'438,P,Obszar niezabudowany,Odcinek prosty,Droga powiatowa,Jednojezdniowa dwukierunkowa,N,POWIAT GRÓJECKI,PNIEWY - OBSZAR WIEJSKI
1,0,1,2015,Dobre warunki atmosferyczne,Najechanie na pieszego,Dobre warunki atmosferyczne,Noc - droga nieoświetlona,Jezdnia,EWK-98807074K,18,2015-03-23,Ciężko,20*49'123,51*27'100,GMINNA,Obszar niezabudowany,Odcinek prosty,Droga gminna,Jednojezdniowa dwukierunkowa,N,POWIAT RADOMSKI,PRZYTYK - OBSZAR WIEJSKI
1,0,0,2015,Dobre warunki atmosferyczne,Najechanie na pieszego,Dobre warunki atmosferyczne,Noc - droga nieoświetlona,Jezdnia,EWK-98807074K,18,2015-03-23,Nieokreślone (puste pole),20*49'123,51*27'100,GMINNA,Obszar niezabudowany,Odcinek prosty,Droga gminna,Jednojezdniowa dwukierunkowa,N,POWIAT RADOMSKI,PRZYTYK - OBSZAR WIEJSKI
1,1,0,2015,Dobre warunki atmosferyczne,Najechanie na pieszego,Dobre warunki atmosferyczne,Noc - droga nieoświetlona,Jezdnia,EWK-98808036D,21,2015-03-24,Nieokreślone (puste pole),20*27'442,52*32'369,P3053W,Obszar niezabudowany,Odcinek prosty,Droga powiatowa,Jednojezdniowa dwukierunkowa,N,POWIAT PŁOŃSKI,CZERWIŃSK NAD WISŁĄ - OBSZAR WIEJSKI
1,1,0,2015,Dobre warunki atmosferyczne,Najechanie na pieszego,Dobre warunki atmosferyczne,Noc - droga nieoświetlona,Jezdnia,EWK-98830640T,21,2015-04-12,Nieokreślone (puste pole),22*20'009,52*07'491,2,Obszar niezabudowany,Odcinek prosty,Droga krajowa,Jednojezdniowa dwukierunkowa,N,POWIAT SIEDLECKI,SIEDLCE - OBSZAR WIEJSKI
1,0,1,2015,Dobre warunki atmosferyczne,Najechanie na pieszego,Dobre warunki atmosferyczne,Noc - droga nieoświetlona,Jezdnia,EWK-98847722Y,23,2015-04-22,Lekko,21*01'367,51*33'390,S7,Obszar niezabudowany,"Zakręt, łuk",Droga krajowa,Ekspresowa,T,POWIAT BIAŁOBRZESKI,STARA BŁOTNICA - OBSZAR WIEJSKI
1,0,0,2015,Dobre warunki atmosferyczne,Najechanie na pieszego,Dobre warunki atmosferyczne,Noc - droga nieoświetlona,Jezdnia,EWK-98847722Y,23,2015-04-22,Nieokreślone (puste pole),21*01'367,51*33'390,S7,Obszar niezabudowany,"Zakręt, łuk",Droga krajowa,Ekspresowa,T,POWIAT BIAŁOBRZESKI,STARA BŁOTNICA - OBSZAR WIEJSKI
1,0,1,2015,Dobre warunki atmosferyczne,Najechanie na pieszego,Dobre warunki atmosferyczne,Noc - droga nieoświetlona,Jezdnia,EWK-98871033A,21,2015-04-30,Ciężko,20*20'425,52*41'479,7,Obszar niezabudowany,Odcinek prosty,Droga krajowa,Jednojezdniowa dwukierunkowa,N,POWIAT PŁOŃSKI,BABOSZEWO - OBSZAR WIEJSKI
1,0,0,2015,Dobre warunki atmosferyczne,Najechanie na pieszego,Dobre warunki atmosferyczne,Noc - droga nieoświetlona,Jezdnia,EWK-98871033A,21,2015-04-30,Nieokreślone (puste pole),20*20'425,52*41'479,7,Obszar niezabudowany,Odcinek prosty,Droga krajowa,Jednojezdniowa dwukierunkowa,N,POWIAT PŁOŃSKI,BABOSZEWO - OBSZAR WIEJSKI
1,0,2,2015,Dobre warunki atmosferyczne,Najechanie na pieszego,Dobre warunki atmosferyczne,Noc - droga nieoświetlona,Jezdnia,EWK-98874939D,21,2015-05-04,Ciężko,20*42'180,51*41'097,728,Obszar niezabudowany,Odcinek prosty,Droga wojewódzka,Jednojezdniowa dwukierunkowa,T,POWIAT GRÓJECKI,MOGIELNICA - OBSZAR MIEJSKI
1,0,0,2015,Dobre warunki atmosferyczne,Najechanie na pieszego,Dobre warunki atmosferyczne,Noc - droga nieoświetlona,Jezdnia,EWK-98874939D,21,2015-05-04,Nieokreślone (puste pole),20*42'180,51*41'097,728,Obszar niezabudowany,Odcinek prosty,Droga wojewódzka,Jednojezdniowa dwukierunkowa,T,POWIAT GRÓJECKI,MOGIELNICA - OBSZAR MIEJSKI
1,0,1,2015,Dobre warunki atmosferyczne,Najechanie na pieszego,Dobre warunki atmosferyczne,Noc - droga nieoświetlona,Jezdnia,EWK-98882504H,2,2015-05-10,Lekko,21*04'529,51*19'242,733,Obszar niezabudowany,Odcinek prosty,Droga wojewódzka,Jednojezdniowa dwukierunkowa,N,POWIAT RADOMSKI,KOWALA - OBSZAR WIEJSKI
1,0,0,2015,Dobre warunki atmosferyczne,Najechanie na pieszego,Dobre warunki atmosferyczne,Noc - droga nieoświetlona,Jezdnia,EWK-98882504H,2,2015-05-10,Nieokreślone (puste pole),21*04'529,51*19'242,733,Obszar niezabudowany,Odcinek prosty,Droga wojewódzka,Jednojezdniowa dwukierunkowa,N,POWIAT RADOMSKI,KOWALA - OBSZAR WIEJSKI
1,0,1,2015,Dobre warunki atmosferyczne,Najechanie na pieszego,Dobre warunki atmosferyczne,Noc - droga nieoświetlona,Jezdnia,EWK-98904458U,23,2015-05-14,Lekko,20*30'545,52*41'503,P3042W,Obszar niezabudowany,Odcinek prosty,Droga powiatowa,Jednojezdniowa dwukierunkowa,T,POWIAT PŁOŃSKI,SOCHOCIN - OBSZAR WIEJSKI
1,0,0,2015,Dobre warunki atmosferyczne,Najechanie na pieszego,Dobre warunki atmosferyczne,Noc - droga nieoświetlona,Jezdnia,EWK-98904458U,23,2015-05-14,Nieokreślone (puste pole),20*30'545,52*41'503,P3042W,Obszar niezabudowany,Odcinek prosty,Droga powiatowa,Jednojezdniowa dwukierunkowa,T,POWIAT PŁOŃSKI,SOCHOCIN - OBSZAR WIEJSKI
1,0,1,2015,Dobre warunki atmosferyczne,Najechanie na pieszego,Dobre warunki atmosferyczne,Noc - droga nieoświetlona,Jezdnia,EWK-98931348G,22,2015-05-29,Ciężko,20*51'162,53*05'416,57,Obszar niezabudowany,Odcinek prosty,Droga krajowa,Jednojezdniowa dwukierunkowa,N,POWIAT PRZASNYSKI,KRZYNOWŁOGA MAŁA - OBSZAR WIEJSKI
1,0,0,2015,Dobre warunki atmosferyczne,Najechanie na pieszego,Dobre warunki atmosferyczne,Noc - droga nieoświetlona,Jezdnia,EWK-98931348G,22,2015-05-29,Nieokreślone (puste pole),20*51'162,53*05'416,57,Obszar niezabudowany,Odcinek prosty,Droga krajowa,Jednojezdniowa dwukierunkowa,N,POWIAT PRZASNYSKI,KRZYNOWŁOGA MAŁA - OBSZAR WIEJSKI
1,0,1,2015,Dobre warunki atmosferyczne,Najechanie na pieszego,Dobre warunki atmosferyczne,Noc - droga nieoświetlona,Jezdnia,EWK-98950440K,23,2015-06-10,Lekko,21*05'468,51*23'487,GMINNA,Obszar zabudowany,Odcinek prosty,Droga gminna,Jednojezdniowa dwukierunkowa,T,POWIAT RADOM,RADOM - OBSZAR MIEJSKI
1,0,0,2015,Dobre warunki atmosferyczne,Najechanie na pieszego,Dobre warunki atmosferyczne,Noc - droga nieoświetlona,Jezdnia,EWK-98950440K,23,2015-06-10,Nieokreślone (puste pole),21*05'468,51*23'487,GMINNA,Obszar zabudowany,Odcinek prosty,Droga gminna,Jednojezdniowa dwukierunkowa,T,POWIAT RADOM,RADOM - OBSZAR MIEJSKI
1,0,1,2015,Dobre warunki atmosferyczne,Najechanie na pieszego,Dobre warunki atmosferyczne,Noc - droga nieoświetlona,Jezdnia,EWK-99007067H,23,2015-07-02,Ciężko,20*41'405,51*54'490,50,Obszar niezabudowany,Odcinek prosty,Droga krajowa,Jednojezdniowa dwukierunkowa,N,POWIAT GRÓJECKI,PNIEWY - OBSZAR WIEJSKI
1,0,0,2015,Dobre warunki atmosferyczne,Najechanie na pieszego,Dobre warunki atmosferyczne,Noc - droga nieoświetlona,Jezdnia,EWK-99007067H,23,2015-07-02,Nieokreślone (puste pole),20*41'405,51*54'490,50,Obszar niezabudowany,Odcinek prosty,Droga krajowa,Jednojezdniowa dwukierunkowa,N,POWIAT GRÓJECKI,PNIEWY - OBSZAR WIEJSKI
1,1,0,2015,Dobre warunki atmosferyczne,Najechanie na pieszego,Dobre warunki atmosferyczne,Noc - droga nieoświetlona,Jezdnia,EWK-99017960G,22,2015-07-08,Nieokreślone (puste pole),20*03'239,52*19'093,3806W,Obszar niezabudowany,Odcinek prosty,Droga powiatowa,Jednojezdniowa dwukierunkowa,N,POWIAT SOCHACZEWSKI,IŁÓW - OBSZAR WIEJSKI
1,0,1,2015,Dobre warunki atmosferyczne,Najechanie na pieszego,Dobre warunki atmosferyczne,Noc - droga nieoświetlona,Jezdnia,EWK-99023794L,22,2015-07-11,Ciężko,20*27'115,52*25'560,P3008W,Obszar zabudowany,Odcinek prosty,Droga powiatowa,Jednojezdniowa dwukierunkowa,N,POWIAT PŁOŃSKI,CZERWIŃSK NAD WISŁĄ - OBSZAR WIEJSKI
1,0,0,2015,Dobre warunki atmosferyczne,Najechanie na pieszego,Dobre warunki atmosferyczne,Noc - droga nieoświetlona,Jezdnia,EWK-99023794L,22,2015-07-11,Nieokreślone (puste pole),20*27'115,52*25'560,P3008W,Obszar zabudowany,Odcinek prosty,Droga powiatowa,Jednojezdniowa dwukierunkowa,N,POWIAT PŁOŃSKI,CZERWIŃSK NAD WISŁĄ - OBSZAR WIEJSKI
1,0,1,2015,Dobre warunki atmosferyczne,Najechanie na pieszego,Dobre warunki atmosferyczne,Noc - droga nieoświetlona,Jezdnia,EWK-99067217F,21,2015-08-01,Ciężko,22*17'425,52*40'174,63,Obszar niezabudowany,,Droga krajowa,Jednojezdniowa dwukierunkowa,N,POWIAT OSTROWSKI,NUR - OBSZAR WIEJSKI
1,0,0,2015,Dobre warunki atmosferyczne,Najechanie na pieszego,Dobre warunki atmosferyczne,Noc - droga nieoświetlona,Jezdnia,EWK-99067217F,21,2015-08-01,Nieokreślone (puste pole),22*17'425,52*40'174,63,Obszar niezabudowany,,Droga krajowa,Jednojezdniowa dwukierunkowa,N,POWIAT OSTROWSKI,NUR - OBSZAR WIEJSKI
1,0,1,2015,Dobre warunki atmosferyczne,Najechanie na pieszego,Dobre warunki atmosferyczne,Noc - droga nieoświetlona,Jezdnia,EWK-99081866H,22,2015-08-09,Ciężko,21*45'082,51*32'044,48,Obszar niezabudowany,"Zakręt, łuk",Droga krajowa,Jednojezdniowa dwukierunkowa,T,POWIAT KOZIENICKI,SIECIECHÓW - OBSZAR WIEJSKI
1,0,0,2015,Dobre warunki atmosferyczne,Najechanie na pieszego,Dobre warunki atmosferyczne,Noc - droga nieoświetlona,Jezdnia,EWK-99081866H,22,2015-08-09,Nieokreślone (puste pole),21*45'082,51*32'044,48,Obszar niezabudowany,"Zakręt, łuk",Droga krajowa,Jednojezdniowa dwukierunkowa,T,POWIAT KOZIENICKI,SIECIECHÓW - OBSZAR WIEJSKI
1,0,1,2015,Dobre warunki atmosferyczne,Najechanie na pieszego,Dobre warunki atmosferyczne,Noc - droga nieoświetlona,Jezdnia,EWK-99084210N,20,2015-08-09,Lekko,21*29'529,51*20'135,P4512W,Obszar zabudowany,Odcinek prosty,Droga powiatowa,Jednojezdniowa dwukierunkowa,N,POWIAT ZWOLEŃSKI,TCZÓW - OBSZAR WIEJSKI
1,0,0,2015,Dobre warunki atmosferyczne,Najechanie na pieszego,Dobre warunki atmosferyczne,Noc - droga nieoświetlona,Jezdnia,EWK-99084210N,20,2015-08-09,Nieokreślone (puste pole),21*29'529,51*20'135,P4512W,Obszar zabudowany,Odcinek prosty,Droga powiatowa,Jednojezdniowa dwukierunkowa,N,POWIAT ZWOLEŃSKI,TCZÓW - OBSZAR WIEJSKI
1,1,0,2015,Dobre warunki atmosferyczne,Najechanie na pieszego,Dobre warunki atmosferyczne,Noc - droga nieoświetlona,Jezdnia,EWK-99092077U,21,2015-08-15,Nieokreślone (puste pole),19*47'034,52*59'110,P4621W,Obszar niezabudowany,Odcinek prosty,Droga powiatowa,Jednojezdniowa dwukierunkowa,T,POWIAT ŻUROMIŃSKI,LUTOCIN - OBSZAR WIEJSKI
1,0,1,2015,Dobre warunki atmosferyczne,Najechanie na pieszego,Dobre warunki atmosferyczne,Noc - droga nieoświetlona,Jezdnia,EWK-99092665F,2,2015-08-16,Ciężko,21*11'056,51*22'466,GMINNA,Obszar zabudowany,Odcinek prosty,Droga gminna,Jednojezdniowa dwukierunkowa,N,POWIAT RADOMSKI,SKARYSZEW - OBSZAR WIEJSKI
1,0,0,2015,Dobre warunki atmosferyczne,Najechanie na pieszego,Dobre warunki atmosferyczne,Noc - droga nieoświetlona,Jezdnia,EWK-99092665F,2,2015-08-16,Nieokreślone (puste pole),21*11'056,51*22'466,GMINNA,Obszar zabudowany,Odcinek prosty,Droga gminna,Jednojezdniowa dwukierunkowa,N,POWIAT RADOMSKI,SKARYSZEW - OBSZAR WIEJSKI
1,1,0,2015,Dobre warunki atmosferyczne,Najechanie na pieszego,Dobre warunki atmosferyczne,Noc - droga nieoświetlona,Jezdnia,EWK-99098327P,21,2015-08-15,Nieokreślone (puste pole),20*41'093,51*31'087,48,Obszar niezabudowany,Odcinek prosty,Droga krajowa,Jednojezdniowa dwukierunkowa,N,POWIAT PRZYSUSKI,POTWORÓW - OBSZAR WIEJSKI
1,0,1,2015,Dobre warunki atmosferyczne,Najechanie na pieszego,Dobre warunki atmosferyczne,Noc - droga nieoświetlona,Jezdnia,EWK-99102117N,21,2015-08-17,Lekko,20*12'579,53*05'304,P2333W,Obszar niezabudowany,"Zakręt, łuk",Droga powiatowa,Jednojezdniowa dwukierunkowa,N,POWIAT MŁAWSKI,LIPOWIEC KOŚCIELNY - OBSZAR WIEJSKI
1,0,0,2015,Dobre warunki atmosferyczne,Najechanie na pieszego,Dobre warunki atmosferyczne,Noc - droga nieoświetlona,Jezdnia,EWK-99102117N,21,2015-08-17,Nieokreślone (puste pole),20*12'579,53*05'304,P2333W,Obszar niezabudowany,"Zakręt, łuk",Droga powiatowa,Jednojezdniowa dwukierunkowa,N,POWIAT MŁAWSKI,LIPOWIEC KOŚCIELNY - OBSZAR WIEJSKI